<?xml version="1.0" encoding="UTF-8"?>
<project-private xmlns="http://www.netbeans.org/ns/project-private/1">
    <editor-bookmarks xmlns="http://www.netbeans.org/ns/editor-bookmarks/2" lastBookmarkId="0"/>
    <open-files xmlns="http://www.netbeans.org/ns/projectui-open-files/2">
        <group>
            <file>file:/C:/Users/user/OneDrive%20-%20Escuela%20Politécnica%20Nacional/Escritorio/EPN/Sexto%20Semestre%20SOFTWARE/CONSTRUCCION%20DE%20SOFTWARE/StockManagementDG/StockManagement/src/stockmanagement/StockManagement.java</file>
            <file>file:/C:/Users/user/OneDrive%20-%20Escuela%20Politécnica%20Nacional/Escritorio/EPN/Sexto%20Semestre%20SOFTWARE/CONSTRUCCION%20DE%20SOFTWARE/StockManagementDG/StockManagement/src/stockmanagement/AlphaVantageAPI.java</file>
        </group>
    </open-files>
</project-private>
